[
  {"algorithm":"SHA2-224","messageLength":[{"increment":8,"max":65528,"min":0}],"revision":"1.0"},
  {"algorithm":"SHA2-256","messageLength":[{"increment":8,"max":65528,"min":0}],"revision":"1.0"},
  {"algorithm":"SHA2-384","messageLength":[{"increment":8,"max":65528,"min":0}],"revision":"1.0"},
  {"algorithm":"SHA2-512","messageLength":[{"increment":8,"max":65528,"min":0}],"revision":"1.0"},
  {"algorithm":"SHA2-512/224","messageLength":[{"increment":8,"max":65528,"min":0}],"revision":"1.0"},
  {"algorithm":"SHA2-512/256","messageLength":[{"increment":8,"max":65528,"min":0}],"revision":"1.0"},

  {"algorithm":"SHA3-224","messageLength":[{"increment":8,"max":65528,"min":0}],"revision":"2.0"},
  {"algorithm":"SHA3-256","messageLength":[{"increment":8,"max":65528,"min":0}],"revision":"2.0"},
  {"algorithm":"SHA3-384","messageLength":[{"increment":8,"max":65528,"min":0}],"revision":"2.0"},
  {"algorithm":"SHA3-512","messageLength":[{"increment":8,"max":65528,"min":0}],"revision":"2.0"},

  {"algorithm":"HMAC-SHA2-224","keyLen":[{"increment":8,"max":524288,"min":8}],"macLen":[{"increment":8,"max":224,"min":32}],"revision":"1.0"},
  {"algorithm":"HMAC-SHA2-256","keyLen":[{"increment":8,"max":524288,"min":8}],"macLen":[{"increment":8,"max":256,"min":32}],"revision":"1.0"},
  {"algorithm":"HMAC-SHA2-384","keyLen":[{"increment":8,"max":524288,"min":8}],"macLen":[{"increment":8,"max":384,"min":32}],"revision":"1.0"},
  {"algorithm":"HMAC-SHA2-512","keyLen":[{"increment":8,"max":524288,"min":8}],"macLen":[{"increment":8,"max":512,"min":32}],"revision":"1.0"},
  {"algorithm":"HMAC-SHA2-512/224","keyLen":[{"increment":8,"max":524288,"min":8}],"macLen":[{"increment":8,"max":224,"min":32}],"revision":"1.0"},
  {"algorithm":"HMAC-SHA2-512/256","keyLen":[{"increment":8,"max":524288,"min":8}],"macLen":[{"increment":8,"max":256,"min":32}],"revision":"1.0"},

  {"algorithm":"HMAC-SHA3-224","keyLen":[{"increment":8,"max":524288,"min":8}],"macLen":[{"increment":8,"max":224,"min":32}],"revision":"1.0"},
  {"algorithm":"HMAC-SHA3-256","keyLen":[{"increment":8,"max":524288,"min":8}],"macLen":[{"increment":8,"max":256,"min":32}],"revision":"1.0"},
  {"algorithm":"HMAC-SHA3-384","keyLen":[{"increment":8,"max":524288,"min":8}],"macLen":[{"increment":8,"max":384,"min":32}],"revision":"1.0"},
  {"algorithm":"HMAC-SHA3-512","keyLen":[{"increment":8,"max":524288,"min":8}],"macLen":[{"increment":8,"max":512,"min":32}],"revision":"1.0"}
]